,case,C,T0,Tf,alpha,L,D,check,mean_time,efficacy,clusters
0,20x20.txt,2,50,0.002,0.9,10,6,4,0.66866863,0.4244604316546763,5
1,24x40.txt,10,50,0.002,0.7,70,18,4,2.24271297,0.4563758389261745,11
2,30x50.txt,2,10,0.002,0.8,10,6,4,3.83153903,0.4879227053140097,10
3,30x90.txt,10,50,0.002,0.7,70,6,4,15.79377913,0.3994708994708995,11
4,37x53.txt,2,30,0.002,0.7,70,6,4,0.7345016,0.6046511627906976,3
